model,feature_set,cv_MAE,cv_RMSE,cv_R2,test_MAE,test_RMSE,test_R2,test_MAPE
Linear,full_submax,8.383061924514864,14.920570143928938,0.9462883713711499,8.977176205515406,19.423965133158102,0.9145741156177112,3.4684054663292865
Ridge,full_submax,8.400425462026169,14.89182965401485,0.9465511745434094,8.866452117528214,18.027965389143116,0.9264119770390129,3.4434768900584243
Lasso,full_submax,8.6054276634009,15.093948287426638,0.945422990489944,8.793561182528979,17.671646740162327,0.9292921313356688,3.419482839579431
DecisionTree,full_submax,8.97160185297381,14.567454682662495,0.9524091692306884,9.142922102120545,15.956954806518791,0.9423480854846755,3.4688109288555813
RandomForest,full_submax,7.966849249882659,12.322819997184535,0.9658704857001281,8.02472380815519,13.420405861166735,0.9592202082200623,3.134144155331925
XGBoost,full_submax,8.104796684187447,12.299892829541966,0.9662332819716374,8.163643322724882,13.577633503082435,0.9582590943800224,3.2537834926319147
