model,feature_set,cv_MAE,cv_RMSE,cv_R2,test_MAE,test_RMSE,test_R2,test_MAPE
Linear,sprint_only,0.1335434615640611,0.182151837952179,0.4858892286392001,37.2845572377896,54.18093581149137,0.3470288876689118,13.868643316250642
Ridge,sprint_only,0.13348544993045267,0.18214576523093068,0.4859179792608425,37.26059252206625,54.12309889563504,0.34842220720576944,13.859972050966189
Lasso,sprint_only,0.13328917482029912,0.18259665844877077,0.4832953954528142,37.12041096090955,53.6582721451255,0.35956607065547186,13.801530600662124
DecisionTree,sprint_only,0.12915001194156894,0.17388368808235227,0.5317833157458256,35.51167318240782,48.92523012060838,0.4675648500828331,13.132278913584594
RandomForest,sprint_only,0.12690211098501786,0.170857362666101,0.5478942032568925,34.694802094918565,48.085985457236994,0.4856745602317857,12.737132723323949
XGBoost,sprint_only,0.12654968838869116,0.17073150740657544,0.5486440707494551,35.248921676960975,48.70034939271114,0.4724481885644468,12.942532589968863
