model,feature_set,cv_MAE,cv_RMSE,cv_R2,test_MAE,test_RMSE,test_R2,test_MAPE
Linear,sprint_bio,0.13254691327570428,0.17845963330398754,0.4888646709228322,35.42049431607551,49.14485692988151,0.45314793788526264,13.900138007452576
Ridge,sprint_bio,0.13238095023239219,0.17845980860233931,0.4890455314112179,35.41052936109349,49.1267159627541,0.4535515851812766,13.896038479166982
Lasso,sprint_bio,0.13241223002907987,0.1788129989466885,0.4873157835508574,35.41556887293117,49.27238893779775,0.45030606853039434,13.912472649208759
DecisionTree,sprint_bio,0.13039151994486953,0.17326880873761852,0.5184258729758267,34.82269566549316,48.100183458682835,0.4761497330257102,13.535363803676
RandomForest,sprint_bio,0.12605322505240774,0.16650855263688452,0.5555805951186806,33.355194717110145,46.086097345619805,0.5191013370297602,12.95469747260086
XGBoost,sprint_bio,0.12519863853078114,0.16552943696462644,0.5608087836114903,33.662875179987985,46.50145549346774,0.5103939260398205,13.04453882489045
