model,feature_set,cv_MAE,cv_RMSE,cv_R2,test_MAE,test_RMSE,test_R2,test_MAPE
Linear,sprint_eng,34.78405029140054,48.35086304663894,0.47692643034762855,35.39635949413279,49.29109634676069,0.45957190237407575,13.407039880191112
Ridge,sprint_eng,34.7734050432963,48.35021294018434,0.4769278248741074,35.36416644704282,49.25277421986705,0.4604119041137632,13.388436523027941
Lasso,sprint_eng,34.72711713905605,48.29949994135477,0.47796676695737306,35.36074278440621,49.23437982628248,0.4608148679082583,13.388358131159622
DecisionTree,sprint_eng,34.85903843363568,48.2409254880634,0.47924567553844655,35.65788744746371,48.93717231536858,0.4673048933995255,13.342667527368086
RandomForest,sprint_eng,33.6736257461224,46.51123225747097,0.5160161444561405,34.498150421532536,47.47717043402838,0.4986158275655508,12.922846578945151
XGBoost,sprint_eng,33.65910923974829,46.34907416677386,0.5194603253166862,34.799081521897534,47.648348280873776,0.494993851618708,13.068803081169367
